Input:,Real Output:,Predicted Output:
0.0,3.0,2.4656296
1.0,4.0,2.4643686
2.0,5.0,2.7066648
3.0,0.0,0.16002357
4.0,1.0,1.6938455
5.0,2.0,0.67123663
0.0,3.0,2.1979332
1.0,4.0,2.9835644
2.0,5.0,2.1726332
