Input:,Real Output:,Predicted Output:
0.0,3.0,3.1095388
1.0,4.0,2.6267333
2.0,5.0,-0.0005166294
3.0,0.0,2.3000975
4.0,1.0,2.920554
5.0,2.0,2.8300629
0.0,3.0,3.01646
1.0,4.0,2.2687197
2.0,5.0,2.7146034
